{"cameraMode":{"drawMode":0,"name":"Shaded","section":"Shading Mode"},"sceneLighting":true,"audioPlay":false,"sceneViewState":{"m_AlwaysRefresh":false,"showFog":true,"showSkybox":true,"showFlares":true,"showImageEffects":true,"showParticleSystems":true,"showVisualEffectGraphs":true,"m_FxEnabled":true},"in2DMode":false,"pivot":{"x":355.93780517578127,"y":153.07546997070313,"z":441.5115966796875},"rotation":{"x":0.11509386450052262,"y":-0.08811911940574646,"z":0.010247448459267617,"w":0.9893982410430908},"size":375.3170166015625,"orthographic":false}