{"cameraMode":{"drawMode":0,"name":"Shaded","section":"Shading Mode"},"sceneLighting":true,"audioPlay":false,"sceneViewState":{"m_AlwaysRefresh":false,"showFog":true,"showSkybox":true,"showFlares":true,"showImageEffects":true,"showParticleSystems":true,"showVisualEffectGraphs":true,"m_FxEnabled":true},"in2DMode":false,"pivot":{"x":260.2618103027344,"y":-1.906517505645752,"z":164.22171020507813},"rotation":{"x":0.24378450214862824,"y":0.18169234693050385,"z":-0.04652326926589012,"w":0.9515314698219299},"size":26.130693435668947,"orthographic":false}